{"source":"WorldPop","year":2020,"resolution":"1km","units":"people per km²","bounds":{"minLng":-51.32624980292128,"maxLng":-50.97624980432128,"maxLat":-29.89208300603871,"minLat":-30.283749671138708},"gridSize":{"width":42,"height":47},"cellSize":{"x":0.0083333333,"y":0.0083333333},"stats":{"min":0,"max":23850.822265625,"validCells":1675},"data":[[1.52,4.13,7.5,168.08,331.73,168.79,140.34,0.94,0.78,5.76,3738.72,5040.95,3372.75,2435.27,3051.94,2128.76,2372.82,2041.02,1941.06,2869.34,1953.25,2069.01,10688.62,7680.57,92.02,23.62,5.69,42.56,333.61,666.65,4565.31,2337.68,775.72,223.52,997.56,136.62,834.45,698.41,224.98,197.88,131.71,35.55],[7.63,6.16,8.01,27.75,150.73,134.26,0.62,1.19,1.26,16.51,6627.46,9078.02,9533.8,9200.71,9039.68,7320.24,7480,6015.76,2847.19,2163.8,2296.62,5753.67,10455.75,5382.65,44.9,57.62,30.58,53.45,534.84,7025.22,8310.17,6331.15,7612.38,808.03,2278.62,1601.02,3264.97,310.72,1.55,3.25,267.76,111.77],[9.85,7.15,11.21,65.44,68.29,21.19,0.14,0.15,0.18,16.03,173.16,2079.55,4831.06,8050.14,8762.02,7472,5517.17,4526.22,1251.49,199.21,1370.6,5537.5,8501.74,2754.78,2201.97,833.94,44.05,210.31,2987.7,14008.27,9889.73,8060.14,7869.42,5157.74,4104.74,820.64,202.2,38.82,3.05,337.65,107.11,74.29],[3.08,10.12,9.38,38.02,696.54,386,0.68,0.02,0.08,0.86,66.59,77.93,206.79,786.43,2326.26,6899.17,4723.55,6411.95,6623.22,3988.33,2254.3,4984.4,6341.24,2716.68,3837.52,1000.1,176.81,308.65,4477.69,10872.56,5377.45,7266.04,7120.07,6507.24,7506.37,780.83,1813.88,5083.92,4720.07,3092.57,558.88,6.35],[0.64,3.44,9.95,11.52,617.14,527.76,0.13,0,0,0,22.4,30.45,131.63,774.28,321.95,4461.55,1555.22,2083.16,5442.84,4628.76,4485.6,2781.79,343.09,3483.66,250.72,74.26,179.01,1859.75,6112.14,6016.73,3809.76,6845.09,6978.8,7594.12,4939.64,5585.65,4369.53,6771.28,8008.93,4900.13,1677.06,924.62],[0.78,0.74,0.76,0.81,1.35,1.48,0.51,0.68,0.82,0.89,3.2,8.46,7.75,142.99,644.62,896.08,993.63,2823.98,5559.79,5004.68,240.06,176.54,0.59,1.04,15.5,51.73,280.7,5220.25,7117.33,3412.55,4441.04,8053.15,6342.26,7645.82,6593.47,6652.27,5828.78,5307.44,4987.72,3796.19,3331.82,291.69],[0.88,0.31,0.53,0.43,0.21,0.51,0.82,0.92,1.02,0.92,0.99,0.5,2.66,12.37,472.34,1819.81,4470.82,4427.3,4906.62,6203.67,3883.99,4.06,2.39,1.22,0.83,1663.24,1943.9,6591.61,2933.66,6620.61,1827.49,7218.47,8424.33,5014.36,4564.49,6051.38,4085.23,1450.75,1838.82,2579.58,2753.12,1950.63],[3.19,4.47,3.94,0.81,0.98,0.86,0.85,3.37,3.18,0.98,1.07,0.92,0,2.12,486.3,2177.29,5603.86,6890.77,5146.45,6876.52,3367.71,1.92,0.3,0.73,109.1,3259.38,7916.06,9305.04,1172.23,6921.26,1382.91,1090.56,2191.86,414.96,577.06,295.67,227.4,226.57,624.44,544.15,152.83,2490.14],[4.12,3.8,5.17,3.84,5.19,1.34,0.8,1.02,0.98,0.89,1.71,9.66,0.41,0.91,1286.25,12292.92,7558.2,5769.72,6118.27,6952.09,3499.74,1.35,1,4.8,9.17,157.99,4839.23,3551.08,321.8,4.77,21.25,78.76,27.56,9.97,7.21,6.84,5.55,13.23,18.41,26.19,60.84,2077.65],[13.82,4.49,4.39,6.19,5.98,0.99,1.05,0.96,0.92,1.11,1.73,46.27,3.84,2.57,96.64,1533.34,402.5,481.73,657.87,22.14,319.97,8.72,40.41,41.43,130.38,51.84,4.73,1.38,26.81,111.94,174.87,67.32,28.51,16.56,19.42,2.13,1.41,19.74,81.44,31.16,9.19,13.48],[7.95,133.39,249.07,4.94,18.89,66.94,11.27,1.78,21.61,33.23,35.57,7.2,675.67,1.71,176.92,14330.08,8522.55,1056.96,92.43,56.1,753.04,6.24,4580.05,7293.12,3706.28,865.94,26.01,3.58,870.32,752.41,1313.26,2287.69,467.91,215.18,125.21,113.52,1.55,9.91,39.08,35.69,23.29,5.56],[138.52,4730.69,2702.68,102.48,16.1,367.73,252.08,265.18,301.73,463.31,311.08,403.92,1527.44,48.93,1368.72,10880.89,3244.91,312.84,38,25.25,1996.74,100.3,7190.49,6994.48,6595.58,5831.01,4566.05,4829.36,5639.53,7473.43,7319.4,7877.08,7104.24,6734.47,1424.75,341.23,17.22,6.83,9.8,8.4,44.54,5.98],[3521.46,5788.27,7669.75,1409.18,53.02,162.47,674.02,265.58,67.27,30.86,21.72,520.53,1183.94,92.87,630.74,1738.31,559.65,17.63,37.84,342.43,3443.56,7943.37,4873.32,6107.89,4227.04,2986.44,13606.14,13587.19,6021.78,8205.57,7266.19,7082.42,9013.83,15712.39,4668.3,882.12,491.06,26.4,25.81,33.65,22.97,13.15],[695.51,1560.41,2128.58,76.92,11.23,10.4,96.67,261.24,177.82,27.54,27.99,75.38,187.62,3.02,2312.88,4253.41,5609.77,3355.52,2958.53,6059.98,7780.01,8893.26,2874.28,8838.42,3885.04,8008.86,5513.89,15019.29,7702.17,7128.78,8624.46,7439.84,5011.46,5456.84,5320.63,2961.89,728.2,8.84,16.09,72.78,77.18,18.96],[5.76,161.48,896.18,3.32,7.98,7.59,28.05,1513.03,405.49,18.9,29.39,313.51,44.55,2106.28,5740.62,9037.44,10592.05,8574.93,10289.83,10656.81,12872.41,10645.54,6537.28,7758.47,7789.36,14422.05,4658.33,3695.92,3904.25,8624.19,4086.88,3059.57,4995.81,5017.82,3658.15,2042.09,658.93,10.78,4.89,65.01,79.55,21.91],[8.8,10.77,112.87,0,6.69,7.23,20.61,233.51,1796.9,41.02,21.55,119.04,122.97,3915.51,10648.32,12131.9,10856.7,9005.1,9454.27,9491.3,11501.59,6253.35,6473.63,10784.26,6739.19,9517.68,23850.82,8155.3,7608.95,7854.86,7948.62,6788.84,6705.07,1857.33,232.85,1397.26,5595.82,441.74,3.52,13.35,9.79,35.51],[4.42,3.24,9.74,0,0,0,6.74,0.65,985.75,194.28,7614.91,13782.31,13167.3,20262.94,11231.02,9431.69,13762.68,6349.53,3016.14,4958.76,6436.29,7772.32,5902.72,3554.42,4593.45,10712.08,11980.43,1641.19,6530.55,11039.53,6777.67,2914.55,4298.36,1367.56,61.21,15.48,34.3,5.41,2.42,6.04,6.08,8.65],[1.79,2368.32,2034.78,131.62,0,6.79,3.55,7.43,29.63,63.95,8900.62,16858.39,18638.68,10222.52,12919.4,14714.88,14283.39,10398.92,4120.99,6006.47,8820.87,9491.16,4505.57,7194.95,6889.98,4617.13,6799.41,556.33,857.73,4922.4,2663.61,4033.96,5502.1,244.96,4.64,3.87,12.27,14.67,7.99,13.64,14.14,19.18],[2.43,3336.61,2266.44,30.03,0.75,0,0,15.56,17.27,0,118.3,3880.21,15105.85,12053.14,9727.15,12935.9,13597.04,7979.3,5671.11,14520.39,15963.67,11856.57,6499.68,6892.51,2853.64,82.14,3078.95,1120.5,2899.86,3970.52,806.15,4725.35,2554.12,151.17,6.57,7.16,142.64,269.16,60.38,38.67,7.48,6.91],[10.59,24.49,13,9.54,11.25,0,11.54,12.91,0,0,0,5035.83,16605.76,8359.28,11934.29,9515.16,11379.69,5695.9,2631.09,6341.9,4788.46,8744.41,1937.09,444.12,83.28,798.94,2643.83,7242.44,7670.88,7139.57,2129.05,488.25,129.11,20.73,19.5,32.39,2360.27,1966.59,157.36,5.54,3.12,2.56],[0.26,0.71,0.23,10.64,10.5,0,11.62,0,0,0,332.87,7554.45,7880.03,7467.22,9953.83,12379.06,9505.03,4058.23,6097.76,9041.06,5781.45,6874.43,2032.44,13.28,842.4,5905.93,8087.46,8538.82,6640.29,7476.79,3412.97,1094.2,1511.61,27.8,6.35,28.08,1027.16,830.41,75.88,4.91,3.04,2.35],[1.88,0.86,0.23,0,0,0,0,0,0,175.87,2178.42,6641.76,13546.44,9268.69,6951.14,9388.02,6368.35,13619.96,13569.67,13104.47,4183.96,3078,166.39,127.99,451.83,7179.35,7344.84,7662.21,3182.49,732.53,852.89,440.43,208.95,431.04,451.18,1612.43,2407.99,1435.27,535.01,368.54,9.47,4.58],[5.11,0.81,0,0,0,0,0,0,0,2765.07,8049.52,10208.34,14216.01,7666.88,9116.93,6973.54,6878.15,3031.26,10536.75,9737.85,1218.09,7.2,42.17,1379.55,1795.55,3222.44,3983.75,6089.94,3899.99,3264.33,1822.09,673.33,592.15,4276.58,5355.48,3381.24,3905.73,4169.37,3759.25,2049.42,57.04,47.25],[3091.04,2.43,0.69,0,0,0,0,0,0,295.26,8854.18,13587.28,10306.2,7109.1,2867.64,2975.21,3317.65,5287.49,1572.2,75.45,100.3,41.66,300.79,3499.16,5584.32,1790.37,60.06,1145.63,5798.9,7791.87,5210.23,4681.74,2848.19,2519.23,5364.41,3579.3,3178.66,3436.11,539.32,33.47,59.59,89.08],[3826.68,1970.22,186.53,0,0,0,0,2390.89,2964.27,5921.34,13261.36,8803.74,5178.05,1183.11,456.7,518.53,2008.83,2533.82,3832.11,205.39,224.29,1035.67,4358.55,7254.44,942.38,105.2,0.04,0.05,1433.75,2573.09,3371.21,5696.44,4077.55,2603.72,829.66,827.71,1066.11,1673.47,72.74,61.82,29.04,57.25],[1476.28,2427.06,346.28,0,0,0,0,2779.12,4756.35,10479.89,9305.73,7374.69,4540.35,2543.25,415.35,440.93,497.39,94.43,1373.79,336.2,374.62,1103.71,4995,1189.43,2082.42,3346.06,1614.22,0.06,0.04,427.7,3618.63,2443.55,3485.56,333.29,153.06,155.72,161.48,64.36,23.04,11.61,8.76,25.17],[3265.09,2254.16,0,0,0,0,0,659.59,4411.68,7501.19,6050.59,8260.6,5846.25,3640.38,2678.04,684.27,418.98,2020.9,1353.44,2049.58,5031.36,325.92,1364.33,60.16,359.42,4331.7,6226.08,1674.27,0.11,1210.37,2687.06,3368.27,111.77,27.29,39.47,97.67,103.13,113.27,90.28,56.97,